0	0,2415971373895970	7,000000	7,000000	6	0
1	0,4863495290250877	8,000000	8,000000	7	0
2	0,8516507848479870	8,000000	8,000000	7	0
3	1,3397646968280665	8,000000	8,000000	7	0
4	1,9242484929475103	9,000000	9,000000	8	0
5	2,4253564602203626	10,000000	10,000000	9	0
6	2,9088498608107693	10,000000	10,000000	9	0
7	3,3336651303090570	10,000000	10,000000	9	0
8	3,6630161581052980	10,000000	10,000000	9	0
9	4,0444452758518500	11,000000	11,000000	10	0
10	4,3672041481697930	12,000000	12,000000	11	0
11	4,5988618185721490	12,000000	12,000000	11	0
12	4,9062141516014850	12,000000	12,000000	11	0
13	5,2223007283377790	12,000000	12,000000	11	0
14	5,4635041137109960	13,000000	13,000000	12	0
15	5,5166987713742360	13,000000	13,000000	12	0
16	5,7860684706198230	13,000000	13,000000	12	0
17	5,9971772420974965	15,000000	15,000000	14	0
18	6,2000154369134550	15,000000	15,000000	14	0
19	6,2982167288139360	15,000000	15,000000	14	0
20	6,4622602342811660	15,000000	15,000000	14	0
21	6,5625191705455590	15,000000	15,000000	14	0
22	6,7791351689114680	15,000000	15,000000	14	0
23	6,9398393538367005	16,000000	16,000000	15	0
24	7,2729236094596700	16,000000	16,000000	15	0
25	7,2667964582675975	16,000000	16,000000	15	0
26	7,4380373320603130	16,000000	16,000000	15	0
27	7,5303604476733080	16,000000	16,000000	15	0
28	7,5795595955597590	16,000000	16,000000	15	0
29	7,7243344128702390	16,000000	16,000000	15	0
30	7,8765324473269760	16,000000	16,000000	15	0
31	7,8933579676141346	16,000000	16,000000	15	0
32	8,2644152228016300	16,000000	16,000000	15	0
33	8,2996936198605620	16,000000	16,000000	15	0
34	8,2989800348552300	16,000000	16,000000	15	0
35	8,4597750414456830	16,000000	16,000000	15	0
36	8,6398309569852680	17,000000	17,000000	16	0
37	8,9043072101174050	17,000000	17,000000	16	0
38	8,7987758119103230	17,000000	17,000000	16	0
39	9,0068011522651100	17,000000	17,000000	16	0
40	9,3658531459352500	17,000000	17,000000	16	0
41	9,4353761024607950	17,000000	17,000000	16	0
42	9,3451533214305000	18,000000	18,000000	17	0
43	9,7389228248950970	18,000000	18,000000	17	0
44	9,6587928139891270	18,000000	18,000000	17	0
45	9,8694395066147340	18,000000	18,000000	17	0
46	10,0060414324736800	18,000000	18,000000	17	0
47	10,3243830139804730	18,000000	18,000000	17	0
48	10,4963394667575970	18,000000	18,000000	17	0
49	10,6778633513016550	18,000000	18,000000	17	0
50	10,9069439197936780	18,000000	18,000000	17	0
51	11,5040847742454450	18,000000	18,000000	17	0
52	11,9669625502599860	18,000000	18,000000	17	0
53	11,9685386475529910	18,000000	18,000000	17	0
54	12,1109053563883010	18,000000	18,000000	17	0
55	12,0373116303272520	18,000000	18,000000	17	0
56	11,9781721781035380	18,000000	18,000000	17	0
57	12,0748054223384410	18,000000	18,000000	17	0
58	11,9855112147664000	18,000000	18,000000	17	0
59	11,7269956216230110	18,000000	18,000000	17	0
60	11,5545367820591770	18,000000	18,000000	17	0
61	11,5589578156081010	18,000000	18,000000	17	0
62	11,3772066766507760	18,000000	18,000000	17	0
63	11,2561720117659050	18,000000	18,000000	17	0
64	10,8688260557655170	18,000000	18,000000	17	0
65	10,9214963805728630	18,000000	18,000000	17	0
66	11,1005787959585990	18,000000	18,000000	17	0
67	11,4408038436301420	18,000000	18,000000	17	0
68	12,3543946475531320	18,000000	18,000000	17	0
69	12,9745584404100180	18,000000	18,000000	17	0
70	13,1559984123037200	18,000000	18,000000	17	0
71	13,2453059870215380	18,000000	18,000000	17	0
72	13,3625069294518570	18,000000	18,000000	17	0
73	13,3342232236616300	18,000000	18,000000	17	0
74	13,4616594862633310	18,000000	18,000000	17	0
75	13,7249953905702590	18,000000	18,000000	17	0
76	13,5943073749492530	18,000000	18,000000	17	0
77	13,8371395382388700	18,000000	18,000000	17	0
78	13,7058936005965460	18,000000	18,000000	17	0
79	13,8895088594497300	18,000000	18,000000	17	0
80	13,7328778397304300	18,000000	18,000000	17	0
81	13,7503340756285700	18,000000	18,000000	17	0
82	13,8440772925063240	18,000000	18,000000	17	0
83	13,7946192007251260	18,000000	18,000000	17	0
84	13,8488015061954270	18,000000	18,000000	17	0
85	13,7102099637885320	18,000000	18,000000	17	0
86	13,7988335595335630	18,000000	18,000000	17	0
87	14,0348126729824560	18,000000	18,000000	17	0
88	13,9622876254620380	18,000000	18,000000	17	0
89	14,0778546854115680	18,000000	18,000000	17	0
90	13,9594613783631410	18,000000	18,000000	17	0
91	13,9920409435817700	18,000000	18,000000	17	0
92	13,9305524703135680	18,000000	18,000000	17	0
93	13,7786086482106360	18,000000	18,000000	17	0
94	13,8577895298830460	18,000000	18,000000	17	0
95	13,9433169092981080	18,000000	18,000000	17	0
96	13,8386215147803980	18,000000	18,000000	17	0
97	13,9480939725498980	18,000000	18,000000	17	0
98	13,8928692240617440	18,000000	18,000000	17	0
99	13,9290802166927530	18,000000	18,000000	17	0
100	13,9659201343356810	18,000000	18,000000	17	0
101	14,2818624787105540	18,000000	18,000000	17	0
102	14,1000579339486420	18,000000	18,000000	17	0
103	14,0197529747053180	18,000000	18,000000	17	0
104	14,2354284228126300	18,000000	18,000000	17	0
105	14,2047091362930630	18,000000	18,000000	17	0
106	14,2193095125442780	18,000000	18,000000	17	0
107	14,1306390707379810	18,000000	18,000000	17	0
108	14,2660856753575250	18,000000	18,000000	17	0
109	14,0250155985069020	18,000000	18,000000	17	0
110	14,1388792872365300	18,000000	18,000000	17	0
111	14,2339896008801930	18,000000	18,000000	17	0
112	14,1455672048964180	18,000000	18,000000	17	0
113	14,1795259183885190	18,000000	18,000000	17	0
114	14,1542476899974470	18,000000	18,000000	17	0
115	14,2131748995252990	18,000000	18,000000	17	0
116	14,2520638800510930	18,000000	18,000000	17	0
0	0,2429325941685529	8,000000	8,000000	7	0
1	0,4895410392855597	7,000000	7,000000	6	0
2	0,8767428328733602	7,000000	7,000000	6	0
3	1,3639379625227670	8,000000	8,000000	7	0
4	1,9126213231321330	8,000000	8,000000	7	0
5	2,3892322255428990	9,000000	9,000000	8	0
6	2,8697700488495970	10,000000	10,000000	9	0
7	3,2496246113560250	10,000000	10,000000	9	0
8	3,5760551046195400	10,000000	10,000000	9	0
9	3,8634009874855124	12,000000	12,000000	11	0
10	4,2016012507179470	13,000000	13,000000	12	0
11	4,4424346666936560	13,000000	13,000000	12	0
12	4,7944776894638950	13,000000	13,000000	12	0
13	4,9787778036608860	13,000000	13,000000	12	0
14	5,2294319308785030	13,000000	13,000000	12	0
15	5,5619669497056240	14,000000	14,000000	13	0
16	5,7748777781755045	14,000000	14,000000	13	0
17	6,1217234753537700	14,000000	14,000000	13	0
18	6,3146635188028000	14,000000	14,000000	13	0
19	6,8438037795262240	15,000000	15,000000	14	0
20	7,0762622320460870	15,000000	15,000000	14	0
21	7,3862014200889550	15,000000	15,000000	14	0
22	7,6537786684544225	15,000000	15,000000	14	0
23	8,0796627310214170	16,000000	16,000000	15	0
24	8,1008272760120100	16,000000	16,000000	15	0
25	8,4945396098602080	17,000000	17,000000	16	0
26	8,7221932118975070	17,000000	17,000000	16	0
27	8,8289411377272400	17,000000	17,000000	16	0
28	9,0595301744687100	17,000000	17,000000	16	0
29	9,0743369707780930	17,000000	17,000000	16	0
30	9,2066386177756780	17,000000	17,000000	16	0
31	9,2137300474073690	17,000000	17,000000	16	0
32	9,3866272622112530	17,000000	17,000000	16	0
33	9,3870501606443980	17,000000	17,000000	16	0
34	9,6096331428508730	17,000000	17,000000	16	0
35	9,6992804970128950	17,000000	17,000000	16	0
36	9,7082537724670200	17,000000	17,000000	16	0
37	9,8427156686767430	17,000000	17,000000	16	0
38	10,0372556895188240	17,000000	17,000000	16	0
39	9,9782357968431030	17,000000	17,000000	16	0
40	9,9424032302552940	17,000000	17,000000	16	0
41	10,3945627417338890	17,000000	17,000000	16	0
42	10,2697996638239200	17,000000	17,000000	16	0
43	10,4546174461315570	17,000000	17,000000	16	0
44	10,5644215978930400	17,000000	17,000000	16	0
45	10,4818474560464310	17,000000	17,000000	16	0
46	10,6651296944240850	17,000000	17,000000	16	0
47	10,7162846317696340	17,000000	17,000000	16	0
48	10,9439669720800100	17,000000	17,000000	16	0
49	10,9402425895730600	17,000000	17,000000	16	0
50	10,9237526139662720	17,000000	17,000000	16	0
51	10,9827303042284490	17,000000	17,000000	16	0
52	11,1977415541821090	17,000000	17,000000	16	0
53	11,2182741363594000	17,000000	17,000000	16	0
54	11,4847319970032590	17,000000	17,000000	16	0
55	11,4791744294933140	17,000000	17,000000	16	0
56	11,6042021947521510	17,000000	17,000000	16	0
57	11,6646475898208630	17,000000	17,000000	16	0
58	11,7220540850024810	17,000000	17,000000	16	0
59	12,0917381920380720	17,000000	17,000000	16	0
60	12,0375528184862740	17,000000	17,000000	16	0
61	12,0807057614520520	17,000000	17,000000	16	0
62	12,2295622539145420	17,000000	17,000000	16	0
63	12,2173237709389170	17,000000	17,000000	16	0
64	12,1317936864588120	17,000000	17,000000	16	0
65	12,2002536144180100	17,000000	17,000000	16	0
66	12,3521474918805100	17,000000	17,000000	16	0
67	12,3788884656822220	17,000000	17,000000	16	0
68	12,4393455624741300	17,000000	17,000000	16	0
69	12,4411443486767500	17,000000	17,000000	16	0
70	12,5699681295119880	17,000000	17,000000	16	0
71	12,5787279778965410	17,000000	17,000000	16	0
72	12,4878915344645290	17,000000	17,000000	16	0
73	12,5361815952821890	17,000000	17,000000	16	0
74	12,6618257935741920	17,000000	17,000000	16	0
75	12,7109520751435170	17,000000	17,000000	16	0
76	12,7327117557647330	17,000000	17,000000	16	0
77	12,6215901131235150	17,000000	17,000000	16	0
78	12,6447590601648270	17,000000	17,000000	16	0
79	12,7585752458063450	17,000000	17,000000	16	0
80	12,7089496386957050	17,000000	17,000000	16	0
81	12,5779942092449330	17,000000	17,000000	16	0
82	12,5306202746413970	17,000000	17,000000	16	0
83	12,6071706878188530	17,000000	17,000000	16	0
84	12,6034223138417970	17,000000	17,000000	16	0
85	12,5652055271273400	17,000000	17,000000	16	0
86	12,5691757662639530	17,000000	17,000000	16	0
87	12,5558564575773900	17,000000	17,000000	16	0
88	12,7177270132004470	17,000000	17,000000	16	0
89	12,7322033048226170	17,000000	17,000000	16	0
90	12,7935983354110440	17,000000	17,000000	16	0
91	12,5653931610181930	17,000000	17,000000	16	0
92	12,6770374217912700	17,000000	17,000000	16	0
93	12,5254685579784140	17,000000	17,000000	16	0
94	12,6186498178662440	17,000000	17,000000	16	0
95	12,5025528565438310	17,000000	17,000000	16	0
96	12,7594732103877020	17,000000	17,000000	16	0
97	12,7890355291844720	17,000000	17,000000	16	0
98	12,6993366460717600	17,000000	17,000000	16	0
99	12,5909552359923160	17,000000	17,000000	16	0
100	12,5974059544552280	17,000000	17,000000	16	0
101	12,8118019073482280	17,000000	17,000000	16	0
102	12,8761781501699310	17,000000	17,000000	16	0
103	12,8021695744171120	17,000000	17,000000	16	0
104	12,7281656926012000	17,000000	17,000000	16	0
105	12,9117153616888900	17,000000	17,000000	16	0
106	12,9570346397465990	17,000000	17,000000	16	0
107	12,7539594278514540	17,000000	17,000000	16	0
108	12,8506125348200970	17,000000	17,000000	16	0
109	12,9044864185556780	17,000000	17,000000	16	0
110	12,7542614463278880	17,000000	17,000000	16	0
111	12,7324141070091520	17,000000	17,000000	16	0
112	12,7809791577441650	17,000000	17,000000	16	0
113	12,7897976610932250	17,000000	17,000000	16	0
114	12,7420833074707610	17,000000	17,000000	16	0
115	12,9144170800271370	17,000000	17,000000	16	0
116	12,9810487089667890	17,000000	17,000000	16	0
0	0,2621103357835859	7,000000	7,000000	6	0
1	0,5379951373714251	8,000000	8,000000	7	0
2	0,9581509567485187	9,000000	9,000000	8	0
3	1,4826521966388900	9,000000	9,000000	8	0
4	2,0875870840495376	9,000000	9,000000	8	0
5	2,6158247593625257	9,000000	9,000000	8	0
6	3,1590810352058027	11,000000	11,000000	10	0
7	3,5534608287616900	11,000000	11,000000	10	0
8	3,9722364963711367	12,000000	12,000000	11	0
9	4,2281314709147715	12,000000	12,000000	11	0
10	4,5454951958865740	12,000000	12,000000	11	0
11	4,9582100289559050	12,000000	12,000000	11	0
12	5,1286070074323460	13,000000	13,000000	12	0
13	5,4865453969967240	13,000000	13,000000	12	0
14	5,7230124518067740	13,000000	13,000000	12	0
15	5,9611474689691790	13,000000	13,000000	12	0
16	6,2926064534623940	13,000000	13,000000	12	0
17	6,5818435401084700	14,000000	14,000000	13	0
18	6,8541747912166700	14,000000	14,000000	13	0
19	7,0884683892457700	14,000000	14,000000	13	0
20	7,1834978943657050	16,000000	16,000000	15	0
21	7,2612625623799560	16,000000	16,000000	15	0
22	7,5933929295690960	16,000000	16,000000	15	0
23	7,8088421003824670	16,000000	16,000000	15	0
24	8,0071674293202030	16,000000	16,000000	15	0
25	8,0634639228495200	15,000000	15,000000	14	0
26	8,2182057502188130	15,000000	15,000000	14	0
27	8,2683574493931150	15,000000	15,000000	14	0
28	8,4536151010045510	16,000000	16,000000	15	0
29	8,5398760499006630	15,000000	15,000000	14	0
30	8,6822482846564200	16,000000	16,000000	15	0
31	8,7214239204940750	16,000000	16,000000	15	0
32	8,8125884005931780	16,000000	16,000000	15	0
33	8,8814008796469410	16,000000	16,000000	15	0
34	9,2411904487555050	16,000000	16,000000	15	0
35	9,4139496122124290	16,000000	16,000000	15	0
36	9,6051022728001120	16,000000	16,000000	15	0
37	9,4154392216337840	16,000000	16,000000	15	0
38	9,5187500041336540	16,000000	16,000000	15	0
39	9,7948316878411020	16,000000	16,000000	15	0
40	9,8520540646279600	16,000000	16,000000	15	0
41	10,0874993303689280	16,000000	16,000000	15	0
42	10,2558451536710450	16,000000	16,000000	15	0
43	10,6718455008160800	16,000000	16,000000	15	0
44	11,0877307849653910	16,000000	16,000000	15	0
45	11,3892157810504400	16,000000	16,000000	15	0
46	11,7158153929264550	16,000000	16,000000	15	0
47	11,8982727461630290	16,000000	16,000000	15	0
48	11,8140683369692740	16,000000	16,000000	15	0
49	12,0020611875281650	16,000000	16,000000	15	0
50	11,8583779797991510	16,000000	16,000000	15	0
51	11,9904378095568290	16,000000	16,000000	15	0
52	11,9423497436732870	16,000000	16,000000	15	0
53	12,0583418035044830	16,000000	16,000000	15	0
54	11,8580486743589230	16,000000	16,000000	15	0
55	11,8734580044646680	16,000000	16,000000	15	0
56	12,0421161359166840	16,000000	16,000000	15	0
57	12,0200291572165640	16,000000	16,000000	15	0
58	12,0114033400008520	16,000000	16,000000	15	0
59	11,9785219250510200	16,000000	16,000000	15	0
60	12,0928971951528830	16,000000	16,000000	15	0
61	11,9847198728454760	16,000000	16,000000	15	0
62	12,0177984910469530	16,000000	16,000000	15	0
63	11,9443123607955930	16,000000	16,000000	15	0
64	12,1723372151583430	16,000000	16,000000	15	0
65	12,0348032875479660	16,000000	16,000000	15	0
66	11,9582874962969260	16,000000	16,000000	15	0
67	11,9813884262912590	16,000000	16,000000	15	0
68	12,0553499467696240	16,000000	16,000000	15	0
69	11,8813386177866600	16,000000	16,000000	15	0
70	12,0776854330733820	16,000000	16,000000	15	0
71	12,1374333892184280	16,000000	16,000000	15	0
72	12,0798930133177600	16,000000	16,000000	15	0
73	12,0326258460635530	16,000000	16,000000	15	0
74	12,0713001319478690	16,000000	16,000000	15	0
75	12,1235598950283900	16,000000	16,000000	15	0
76	12,1837314272515400	16,000000	16,000000	15	0
77	12,0750767690451410	16,000000	16,000000	15	0
78	12,0375183768023590	16,000000	16,000000	15	0
79	12,0597660779946660	16,000000	16,000000	15	0
80	12,0161398308755720	16,000000	16,000000	15	0
81	11,9826437266291850	16,000000	16,000000	15	0
82	11,9802271336085330	16,000000	16,000000	15	0
83	12,1027553140664760	16,000000	16,000000	15	0
84	11,9446574516289560	16,000000	16,000000	15	0
85	12,0671874965447260	16,000000	16,000000	15	0
86	12,0483498276425870	16,000000	16,000000	15	0
87	12,1029195743400630	16,000000	16,000000	15	0
88	11,9760128804309820	16,000000	16,000000	15	0
89	12,0805261595078350	16,000000	16,000000	15	0
90	12,0918094910166120	16,000000	16,000000	15	0
91	12,2040410866204390	16,000000	16,000000	15	0
92	12,2367545302930000	16,000000	16,000000	15	0
93	12,1247371856217610	16,000000	16,000000	15	0
94	12,0812949492373890	16,000000	16,000000	15	0
95	12,0121144438169280	16,000000	16,000000	15	0
96	12,0671459219986520	16,000000	16,000000	15	0
97	12,1280217451107800	16,000000	16,000000	15	0
98	12,0951771523963160	16,000000	16,000000	15	0
99	11,9844548631645010	16,000000	16,000000	15	0
100	11,9773872814637270	16,000000	16,000000	15	0
101	12,2101611120984280	16,000000	16,000000	15	0
102	12,1941643074698620	16,000000	16,000000	15	0
103	12,1794088747520400	16,000000	16,000000	15	0
104	12,2628025221565070	16,000000	16,000000	15	0
105	12,1425747846198100	16,000000	16,000000	15	0
106	12,2833539754352310	16,000000	16,000000	15	0
107	12,1403982599600560	16,000000	16,000000	15	0
108	12,2648786344164640	16,000000	16,000000	15	0
109	12,1996031401906710	16,000000	16,000000	15	0
110	12,1031755459157500	16,000000	16,000000	15	0
111	12,3318819484646460	16,000000	16,000000	15	0
112	12,2413176831112920	16,000000	16,000000	15	0
113	12,1667784917707330	16,000000	16,000000	15	0
114	12,3313374497336630	16,000000	16,000000	15	0
115	12,1188952099478020	16,000000	16,000000	15	0
116	12,2530618967364950	16,000000	16,000000	15	0
0	0,2646802688152838	8,000000	8,000000	7	0
1	0,5029821324391601	8,000000	8,000000	7	0
2	0,9059777620211925	8,000000	8,000000	7	0
3	1,4483409000240393	8,000000	8,000000	7	0
4	2,0060928805622250	8,000000	8,000000	7	0
5	2,4516034060656840	8,000000	8,000000	7	0
6	2,8990136853838306	9,000000	9,000000	8	0
7	3,3548648115100903	10,000000	10,000000	9	0
8	3,7012727766962845	11,000000	11,000000	10	0
9	4,0711162186187310	11,000000	11,000000	10	0
10	4,3774007882555580	13,000000	13,000000	12	0
11	4,6914900258498040	13,000000	13,000000	12	0
12	5,0710108431059380	13,000000	13,000000	12	0
13	5,3560909304280920	14,000000	14,000000	13	0
14	5,5920761176823640	13,000000	13,000000	12	0
15	6,0244017856895860	14,000000	14,000000	13	0
16	6,3745829488206990	14,000000	14,000000	13	0
17	6,6866883716365970	14,000000	14,000000	13	0
18	6,9104321718765770	15,000000	15,000000	14	0
19	7,1744214800445270	15,000000	15,000000	14	0
20	7,4759195058094590	15,000000	15,000000	14	0
21	7,6862936838160310	15,000000	15,000000	14	0
22	8,0866574389710840	16,000000	16,000000	15	0
23	8,5747437022784150	17,000000	17,000000	16	0
24	8,6711692311850700	17,000000	17,000000	16	0
25	8,9515832187656040	17,000000	17,000000	16	0
26	9,4191612555309100	17,000000	17,000000	16	0
27	9,8698025965070660	17,000000	17,000000	16	0
28	10,3167273226443670	17,000000	17,000000	16	0
29	10,4557189780428170	17,000000	17,000000	16	0
30	10,7224073790116850	17,000000	17,000000	16	0
31	11,0474451689827390	17,000000	17,000000	16	0
32	11,4860893730275870	17,000000	17,000000	16	0
33	11,8511401371976850	17,000000	17,000000	16	0
34	12,0847870022855100	17,000000	17,000000	16	0
35	12,3864078741201170	17,000000	17,000000	16	0
36	12,5543543806264800	17,000000	17,000000	16	0
37	12,5909128922776980	17,000000	17,000000	16	0
38	12,6318332786540200	17,000000	17,000000	16	0
39	12,8126454380635830	17,000000	17,000000	16	0
40	12,7153765324661410	17,000000	17,000000	16	0
41	12,6667786359272000	17,000000	17,000000	16	0
42	12,8131746010875090	17,000000	17,000000	16	0
43	12,8450234894069640	17,000000	17,000000	16	0
44	12,7960222357005760	17,000000	17,000000	16	0
45	12,9220629954439320	17,000000	17,000000	16	0
46	12,8721928089084940	17,000000	17,000000	16	0
47	12,7768591167092430	17,000000	17,000000	16	0
48	12,8716609072619000	17,000000	17,000000	16	0
49	12,8251202680554090	17,000000	17,000000	16	0
50	12,9672198536469600	17,000000	17,000000	16	0
51	12,9102787449256250	17,000000	17,000000	16	0
52	12,8996206247979860	17,000000	17,000000	16	0
53	12,9680539596087200	17,000000	17,000000	16	0
54	13,0096218296835960	17,000000	17,000000	16	0
55	12,9043347713989610	17,000000	17,000000	16	0
56	12,9647809103226380	17,000000	17,000000	16	0
57	12,9439258865205920	17,000000	17,000000	16	0
58	13,0499350247938340	17,000000	17,000000	16	0
59	12,9904361594228850	17,000000	17,000000	16	0
60	12,9394377593927550	17,000000	17,000000	16	0
61	12,9441665762228250	17,000000	17,000000	16	0
62	12,8260599060882220	17,000000	17,000000	16	0
63	12,8714335914759500	17,000000	17,000000	16	0
64	12,8485729244122500	17,000000	17,000000	16	0
65	12,8553947170783280	17,000000	17,000000	16	0
66	12,9690986374731790	17,000000	17,000000	16	0
67	12,9817776660597600	17,000000	17,000000	16	0
68	12,9329001301148360	17,000000	17,000000	16	0
69	12,9853007723864430	17,000000	17,000000	16	0
70	13,0866315279956030	17,000000	17,000000	16	0
71	12,9943236564234600	17,000000	17,000000	16	0
72	12,8859401574801780	17,000000	17,000000	16	0
73	12,8423705095409500	17,000000	17,000000	16	0
74	13,0398964786229750	17,000000	17,000000	16	0
75	13,0130355720560670	17,000000	17,000000	16	0
76	13,0765121070481670	17,000000	17,000000	16	0
77	13,1983604323913100	17,000000	17,000000	16	0
78	12,8668115868716180	17,000000	17,000000	16	0
79	12,9673163455096980	17,000000	17,000000	16	0
80	13,0061554286971180	17,000000	17,000000	16	0
81	12,8104399484085610	17,000000	17,000000	16	0
82	12,9508998948714690	17,000000	17,000000	16	0
83	12,8763868285071010	17,000000	17,000000	16	0
84	13,0119921318602230	17,000000	17,000000	16	0
85	12,9498651511007950	17,000000	17,000000	16	0
86	13,0231940356670890	17,000000	17,000000	16	0
87	13,0102676692645910	17,000000	17,000000	16	0
88	13,0529828076438330	17,000000	17,000000	16	0
89	12,8931119417528620	17,000000	17,000000	16	0
90	12,9740071196218700	17,000000	17,000000	16	0
91	13,2092714929395290	17,000000	17,000000	16	0
92	13,0273835739670330	17,000000	17,000000	16	0
93	12,9860609083744740	17,000000	17,000000	16	0
94	13,0808677023812700	17,000000	17,000000	16	0
95	13,0065535076630280	17,000000	17,000000	16	0
96	12,8558708939921900	17,000000	17,000000	16	0
97	13,1350299533117930	17,000000	17,000000	16	0
98	13,0374440080656730	17,000000	17,000000	16	0
99	13,0642996287637970	17,000000	17,000000	16	0
100	13,1715557701640140	17,000000	17,000000	16	0
101	13,2975371731709440	17,000000	17,000000	16	0
102	13,1245353027393660	17,000000	17,000000	16	0
103	13,1047267693101510	17,000000	17,000000	16	0
104	13,0791242587395530	17,000000	17,000000	16	0
105	13,1795513199099870	17,000000	17,000000	16	0
106	13,1014549078604950	17,000000	17,000000	16	0
107	13,2265926358407670	17,000000	17,000000	16	0
108	13,2852544499749640	17,000000	17,000000	16	0
109	13,1545533659131360	17,000000	17,000000	16	0
110	13,1187690715655080	17,000000	17,000000	16	0
111	13,1363662383853010	17,000000	17,000000	16	0
112	13,1021414015286570	17,000000	17,000000	16	0
113	13,1064231676673730	17,000000	17,000000	16	0
114	13,1969490227000460	17,000000	17,000000	16	0
115	13,1377153583201720	17,000000	17,000000	16	0
116	13,0925807215282520	17,000000	17,000000	16	0
0	0,2450959116377987	6,000000	6,000000	5	0
1	0,2749256566118054	8,000000	8,000000	7	0
2	0,2925686642141898	8,000000	8,000000	7	0
3	0,3156328314835433	8,000000	8,000000	7	0
4	0,3235173618048262	7,000000	7,000000	6	0
5	0,3268564083348118	7,000000	7,000000	6	0
6	0,3224266571995077	6,000000	6,000000	5	0
7	0,3502404071736581	7,000000	7,000000	6	0
8	0,3462409996436440	8,000000	8,000000	7	0
9	0,3721161412387201	7,000000	7,000000	6	0
10	0,3677714704825216	6,000000	6,000000	5	0
11	0,3747077141435893	6,000000	6,000000	5	0
12	0,3840510511982294	9,000000	9,000000	8	0
13	0,3809516451388999	9,000000	9,000000	8	0
14	0,3920349469663698	9,000000	9,000000	8	0
15	0,3909584592842423	10,000000	10,000000	9	0
16	0,3702706075807914	10,000000	10,000000	9	0
17	0,3531800199560279	10,000000	10,000000	9	0
18	0,3579223955479150	10,000000	10,000000	9	0
19	0,3537380849831429	10,000000	10,000000	9	0
20	0,3555857719359973	8,000000	8,000000	7	0
21	0,3633553912710678	8,000000	8,000000	7	0
22	0,3584905847958313	8,000000	8,000000	7	0
23	0,3696047027694203	8,000000	8,000000	7	0
24	0,3839104428710891	8,000000	8,000000	7	0
25	0,3867362822575914	8,000000	8,000000	7	0
26	0,3817422899771275	8,000000	8,000000	7	0
27	0,3864796895386803	8,000000	8,000000	7	0
28	0,4107467098160310	8,000000	8,000000	7	0
29	0,4228461653917693	9,000000	9,000000	8	0
30	0,4081872157680672	7,000000	7,000000	6	0
31	0,4306857399672194	7,000000	7,000000	6	0
32	0,4383248252941237	8,000000	8,000000	7	0
33	0,4180588680693214	8,000000	8,000000	7	0
34	0,4221843759544203	8,000000	8,000000	7	0
35	0,4128289657123075	8,000000	8,000000	7	0
36	0,4526256864897988	8,000000	8,000000	7	0
37	0,4306783538746966	8,000000	8,000000	7	0
38	0,4234118010378750	8,000000	8,000000	7	0
39	0,4229978612674357	8,000000	8,000000	7	0
40	0,4302162104542764	8,000000	8,000000	7	0
41	0,4298601118163274	8,000000	8,000000	7	0
42	0,4227381837187180	8,000000	8,000000	7	0
43	0,4240110444826122	8,000000	8,000000	7	0
44	0,4130923290138522	7,000000	7,000000	6	0
45	0,4287729546118999	8,000000	8,000000	7	0
46	0,4219033408548864	8,000000	8,000000	7	0
47	0,4304361805482880	8,000000	8,000000	7	0
48	0,4146119562167495	8,000000	8,000000	7	0
49	0,4046877364756409	8,000000	8,000000	7	0
50	0,4172381479042471	8,000000	8,000000	7	0
51	0,3935165833136565	8,000000	8,000000	7	0
52	0,3979354257331459	8,000000	8,000000	7	0
53	0,4185362693186905	8,000000	8,000000	7	0
54	0,4258528534593850	8,000000	8,000000	7	0
55	0,4328506036114804	9,000000	9,000000	8	0
56	0,4535693270669930	9,000000	9,000000	8	0
57	0,4362186324807784	8,000000	8,000000	7	0
58	0,4331783811040717	8,000000	8,000000	7	0
59	0,4348045487888060	8,000000	8,000000	7	0
60	0,4123065156515963	8,000000	8,000000	7	0
61	0,4048168594331572	8,000000	8,000000	7	0
62	0,4008015636634477	8,000000	8,000000	7	0
63	0,4079100223275124	8,000000	8,000000	7	0
64	0,4048737973092320	8,000000	8,000000	7	0
65	0,4095430591578965	8,000000	8,000000	7	0
66	0,3861036704293133	8,000000	8,000000	7	0
67	0,3845700512401520	8,000000	8,000000	7	0
68	0,4015123942913547	8,000000	8,000000	7	0
69	0,3833806325303483	8,000000	8,000000	7	0
70	0,3884811956026034	8,000000	8,000000	7	0
71	0,4002622068590306	8,000000	8,000000	7	0
72	0,3691302682316187	7,000000	7,000000	6	0
73	0,3878332434069339	7,000000	7,000000	6	0
74	0,3857179659093054	7,000000	7,000000	6	0
75	0,3814481270649213	8,000000	8,000000	7	0
76	0,3851488908557547	7,000000	7,000000	6	0
77	0,3864547249699398	8,000000	8,000000	7	0
78	0,3940351320922516	8,000000	8,000000	7	0
79	0,3884402921654976	7,000000	7,000000	6	0
80	0,4063942802086020	7,000000	7,000000	6	0
81	0,3844727496821295	7,000000	7,000000	6	0
82	0,3834076890912171	7,000000	7,000000	6	0
83	0,3942027167644257	8,000000	8,000000	7	0
84	0,4109573697506576	7,000000	7,000000	6	0
85	0,4090865812423124	8,000000	8,000000	7	0
86	0,4061580815178210	8,000000	8,000000	7	0
87	0,3797323341627447	8,000000	8,000000	7	0
88	0,3927258338523300	8,000000	8,000000	7	0
89	0,3901076251278009	8,000000	8,000000	7	0
90	0,3747958605165217	8,000000	8,000000	7	0
91	0,3930293652212597	8,000000	8,000000	7	0
92	0,3674367710272686	9,000000	9,000000	8	0
93	0,3610736610193155	8,000000	8,000000	7	0
94	0,3865815729417970	7,000000	7,000000	6	0
95	0,3938491003757644	8,000000	8,000000	7	0
96	0,3920336372045583	8,000000	8,000000	7	0
97	0,3731762740982114	8,000000	8,000000	7	0
98	0,3645793767105658	6,000000	6,000000	5	0
99	0,3747013452517365	7,000000	7,000000	6	0
100	0,3858230748807150	7,000000	7,000000	6	0
101	0,3881569381602228	7,000000	7,000000	6	0
102	0,3860456031718501	7,000000	7,000000	6	0
103	0,4010138116332681	8,000000	8,000000	7	0
104	0,4057330206274638	8,000000	8,000000	7	0
105	0,3783339626655061	8,000000	8,000000	7	0
106	0,3965605678991547	8,000000	8,000000	7	0
107	0,3746087894506693	10,000000	10,000000	9	0
108	0,3700989962264824	9,000000	9,000000	8	0
109	0,3730035717409811	9,000000	9,000000	8	0
110	0,3804858382728308	9,000000	9,000000	8	0
111	0,3691727523666932	7,000000	7,000000	6	0
112	0,3804663840432221	7,000000	7,000000	6	0
113	0,3906215053923142	7,000000	7,000000	6	0
114	0,4060613953626553	7,000000	7,000000	6	0
115	0,4115931596734881	9,000000	9,000000	8	0
116	0,4015715170360061	10,000000	10,000000	9	0
0	0,2516328013475918	7,000000	7,000000	6	0
1	0,4659768891426876	8,000000	8,000000	7	0
2	0,8490609357812313	8,000000	8,000000	7	0
3	1,3738160304335450	9,000000	9,000000	8	0
4	1,8550505701583724	9,000000	9,000000	8	0
5	2,4413863539144334	10,000000	10,000000	9	0
6	2,9290602725298090	11,000000	11,000000	10	0
7	3,3721285996520160	11,000000	11,000000	10	0
8	3,7280500281474460	11,000000	11,000000	10	0
9	4,0246657410367150	11,000000	11,000000	10	0
10	4,3718155963628290	11,000000	11,000000	10	0
11	4,6119827418205290	12,000000	12,000000	11	0
12	4,9931593059787480	12,000000	12,000000	11	0
13	5,1464475889592975	12,000000	12,000000	11	0
14	5,3420965157411720	15,000000	15,000000	14	0
15	5,6093549263924600	15,000000	15,000000	14	0
16	5,8045732610411180	15,000000	15,000000	14	0
17	6,1392910215092930	13,000000	13,000000	12	0
18	6,1050204592342325	13,000000	13,000000	12	0
19	6,3651949498224230	14,000000	14,000000	13	0
20	6,5072193469762660	14,000000	14,000000	13	0
21	6,5307720633664540	14,000000	14,000000	13	0
22	6,6893862282897425	15,000000	15,000000	14	0
23	6,8846393894430110	15,000000	15,000000	14	0
24	6,8699160402506680	16,000000	16,000000	15	0
25	6,9707558395660230	16,000000	16,000000	15	0
26	7,0250079084062280	16,000000	16,000000	15	0
27	7,2485116657450210	16,000000	16,000000	15	0
28	7,2668254159402980	16,000000	16,000000	15	0
29	7,5452053720365770	16,000000	16,000000	15	0
30	7,5045794028971730	18,000000	18,000000	17	0
31	7,4054145962883620	18,000000	18,000000	17	0
32	7,3830985425647300	18,000000	18,000000	17	0
33	7,6670148838616720	18,000000	18,000000	17	0
34	7,5801037117544166	18,000000	18,000000	17	0
35	7,8753154926993890	17,000000	17,000000	16	0
36	7,8814623263026310	18,000000	18,000000	17	0
37	7,8467340570659570	18,000000	18,000000	17	0
38	7,9911914871150990	18,000000	18,000000	17	0
39	8,0026007855261200	18,000000	18,000000	17	0
40	8,3083047663738030	18,000000	18,000000	17	0
41	8,5572875815534600	18,000000	18,000000	17	0
42	8,5340932220161700	18,000000	18,000000	17	0
43	8,7577503664003570	18,000000	18,000000	17	0
44	8,5303998503505000	18,000000	18,000000	17	0
45	8,7767652215227620	18,000000	18,000000	17	0
46	8,6566184926658400	18,000000	18,000000	17	0
47	8,8325536176008920	18,000000	18,000000	17	0
48	9,1054191814673860	18,000000	18,000000	17	0
49	9,1552146564916640	18,000000	18,000000	17	0
50	9,7758398956581300	18,000000	18,000000	17	0
51	10,3366356424695080	18,000000	18,000000	17	0
52	10,6419090972916840	18,000000	18,000000	17	0
53	10,8674156806369860	18,000000	18,000000	17	0
54	11,0306220065291820	18,000000	18,000000	17	0
55	11,1594092906326130	18,000000	18,000000	17	0
56	11,5964484916859090	18,000000	18,000000	17	0
57	11,7740616853706680	18,000000	18,000000	17	0
58	12,0520424076842400	18,000000	18,000000	17	0
59	12,0814753127126480	18,000000	18,000000	17	0
60	11,9871748217004970	18,000000	18,000000	17	0
61	12,0670458259680760	18,000000	18,000000	17	0
62	12,1715440771762860	18,000000	18,000000	17	0
63	12,1601024131753340	18,000000	18,000000	17	0
64	12,2926668350278110	18,000000	18,000000	17	0
65	12,2039888806394250	18,000000	18,000000	17	0
66	12,1142357741541200	18,000000	18,000000	17	0
67	12,1789991885774980	18,000000	18,000000	17	0
68	12,2853274166973500	18,000000	18,000000	17	0
69	12,2577407424617580	18,000000	18,000000	17	0
70	12,2934685978002000	18,000000	18,000000	17	0
71	12,3638923087188480	18,000000	18,000000	17	0
72	12,4948850555843350	18,000000	18,000000	17	0
73	12,3400144568735330	18,000000	18,000000	17	0
74	12,3412024675870500	18,000000	18,000000	17	0
75	12,3265844289195900	18,000000	18,000000	17	0
76	12,2260889998668070	18,000000	18,000000	17	0
77	12,5097030797135600	18,000000	18,000000	17	0
78	12,3850524834968070	18,000000	18,000000	17	0
79	12,4249959427252130	18,000000	18,000000	17	0
80	12,4493220778614010	18,000000	18,000000	17	0
81	12,4957605598253500	18,000000	18,000000	17	0
82	12,5294306656648030	18,000000	18,000000	17	0
83	12,5162524753858960	18,000000	18,000000	17	0
84	12,5104827169990180	18,000000	18,000000	17	0
85	12,6058465546604900	18,000000	18,000000	17	0
86	12,5258582055928280	18,000000	18,000000	17	0
87	12,5966421551512300	18,000000	18,000000	17	0
88	12,5940331050862200	18,000000	18,000000	17	0
89	12,5825933797452850	18,000000	18,000000	17	0
90	12,3775926349754600	18,000000	18,000000	17	0
91	12,6702540542018340	18,000000	18,000000	17	0
92	12,4197550554601200	18,000000	18,000000	17	0
93	12,6240607453120490	18,000000	18,000000	17	0
94	12,6538284640570570	18,000000	18,000000	17	0
95	12,4909611781495260	18,000000	18,000000	17	0
96	12,5779773055871920	18,000000	18,000000	17	0
97	12,6662205161504830	18,000000	18,000000	17	0
98	12,8217311422844700	18,000000	18,000000	17	0
99	12,6415467626503850	18,000000	18,000000	17	0
100	12,6645398344485350	18,000000	18,000000	17	0
101	12,6636650823429520	18,000000	18,000000	17	0
102	12,5085779580834360	18,000000	18,000000	17	0
103	12,5490298881819040	18,000000	18,000000	17	0
104	12,6728338856903860	18,000000	18,000000	17	0
105	12,6939129884548510	18,000000	18,000000	17	0
106	12,5959789513557250	18,000000	18,000000	17	0
107	12,4703879668499450	18,000000	18,000000	17	0
108	12,1081930056047430	18,000000	18,000000	17	0
109	11,9624676885928720	18,000000	18,000000	17	0
110	11,6680966354669490	18,000000	18,000000	17	0
111	11,7039322924948750	18,000000	18,000000	17	0
112	11,1397542912597750	18,000000	18,000000	17	0
113	10,9047887093964350	18,000000	18,000000	17	0
114	10,5598811808801930	18,000000	18,000000	17	0
115	10,5445003713038830	18,000000	18,000000	17	0
116	10,2611448877212230	18,000000	18,000000	17	0
0	1,0434027777777775	2,000000	2,000000	1	0
1	1,1246388888888890	2,000000	2,000000	1	0
2	1,2351388888888892	2,000000	2,000000	1	0
3	1,3551388888888890	2,000000	2,000000	1	0
4	1,5054305555555556	2,000000	2,000000	1	0
5	1,5854027777777780	2,000000	2,000000	1	0
6	1,6226527777777782	2,000000	2,000000	1	0
7	1,6497361111111110	2,000000	2,000000	1	0
8	1,6347083333333334	2,000000	2,000000	1	0
9	1,6447222222222222	2,000000	2,000000	1	0
10	1,6459166666666667	2,000000	2,000000	1	0
11	1,6634166666666665	2,000000	2,000000	1	0
12	1,6594305555555557	2,000000	2,000000	1	0
13	1,6561805555555558	2,000000	2,000000	1	0
14	1,6630972222222224	2,000000	2,000000	1	0
15	1,6576666666666668	2,000000	2,000000	1	0
16	1,6625833333333335	2,000000	2,000000	1	0
17	1,6637777777777778	2,000000	2,000000	1	0
18	1,6620416666666664	2,000000	2,000000	1	0
19	1,6726250000000000	2,000000	2,000000	1	0
20	1,6793888888888890	2,000000	2,000000	1	0
21	1,6877361111111110	2,000000	2,000000	1	0
22	1,6842916666666667	2,000000	2,000000	1	0
23	1,6932916666666669	2,000000	2,000000	1	0
24	1,6839166666666667	2,000000	2,000000	1	0
25	1,6830416666666670	2,000000	2,000000	1	0
26	1,6875555555555557	2,000000	2,000000	1	0
27	1,6965972222222220	2,000000	2,000000	1	0
28	1,7070416666666670	2,000000	2,000000	1	0
29	1,7143611111111110	2,000000	2,000000	1	0
30	1,7076111111111112	2,000000	2,000000	1	0
31	1,7112361111111114	2,000000	2,000000	1	0
32	1,7230000000000000	2,000000	2,000000	1	0
33	1,7124305555555557	2,000000	2,000000	1	0
34	1,7320138888888892	2,000000	2,000000	1	0
35	1,7176111111111114	2,000000	2,000000	1	0
36	1,7201111111111114	2,000000	2,000000	1	0
37	1,7234583333333338	2,000000	2,000000	1	0
38	1,7239027777777780	2,000000	2,000000	1	0
39	1,7279861111111110	2,000000	2,000000	1	0
40	1,7312500000000000	2,000000	2,000000	1	0
41	1,7465555555555556	2,000000	2,000000	1	0
42	1,7381111111111114	2,000000	2,000000	1	0
43	1,7408611111111114	2,000000	2,000000	1	0
44	1,7384305555555557	2,000000	2,000000	1	0
45	1,7398611111111113	2,000000	2,000000	1	0
46	1,7335277777777778	2,000000	2,000000	1	0
47	1,7443472222222225	2,000000	2,000000	1	0
48	1,7331250000000000	2,000000	2,000000	1	0
49	1,7403611111111112	2,000000	2,000000	1	0
50	1,7398055555555556	2,000000	2,000000	1	0
51	1,7423472222222223	2,000000	2,000000	1	0
52	1,7468055555555557	2,000000	2,000000	1	0
53	1,7426805555555556	2,000000	2,000000	1	0
54	1,7431111111111113	2,000000	2,000000	1	0
55	1,7470000000000000	2,000000	2,000000	1	0
56	1,7330972222222220	2,000000	2,000000	1	0
57	1,7413611111111111	2,000000	2,000000	1	0
58	1,7394305555555556	2,000000	2,000000	1	0
59	1,7520000000000000	2,000000	2,000000	1	0
60	1,7341527777777779	2,000000	2,000000	1	0
61	1,7452222222222225	2,000000	2,000000	1	0
62	1,7358055555555556	2,000000	2,000000	1	0
63	1,7451666666666668	2,000000	2,000000	1	0
64	1,7453055555555557	2,000000	2,000000	1	0
65	1,7413611111111114	2,000000	2,000000	1	0
66	1,7406805555555556	2,000000	2,000000	1	0
67	1,7387500000000000	2,000000	2,000000	1	0
68	1,7422916666666670	2,000000	2,000000	1	0
69	1,7375555555555557	2,000000	2,000000	1	0
70	1,7419861111111112	2,000000	2,000000	1	0
71	1,7512222222222225	2,000000	2,000000	1	0
72	1,7431666666666665	2,000000	2,000000	1	0
73	1,7381250000000000	2,000000	2,000000	1	0
74	1,7459861111111112	2,000000	2,000000	1	0
75	1,7470000000000000	2,000000	2,000000	1	0
76	1,7446527777777778	2,000000	2,000000	1	0
77	1,7376666666666665	2,000000	2,000000	1	0
78	1,7447361111111113	2,000000	2,000000	1	0
79	1,7367083333333335	2,000000	2,000000	1	0
80	1,7543750000000000	2,000000	2,000000	1	0
81	1,7343611111111112	2,000000	2,000000	1	0
82	1,7543611111111110	2,000000	2,000000	1	0
83	1,7350972222222223	2,000000	2,000000	1	0
84	1,7408055555555557	2,000000	2,000000	1	0
85	1,7424861111111114	2,000000	2,000000	1	0
86	1,7394861111111113	2,000000	2,000000	1	0
87	1,7333055555555557	2,000000	2,000000	1	0
88	1,7394722222222225	2,000000	2,000000	1	0
89	1,7438055555555556	2,000000	2,000000	1	0
90	1,7493055555555557	2,000000	2,000000	1	0
91	1,7346666666666668	2,000000	2,000000	1	0
92	1,7373611111111114	2,000000	2,000000	1	0
93	1,7464305555555557	2,000000	2,000000	1	0
94	1,7363611111111112	2,000000	2,000000	1	0
95	1,7374861111111113	2,000000	2,000000	1	0
96	1,7308611111111112	2,000000	2,000000	1	0
97	1,7365416666666664	2,000000	2,000000	1	0
98	1,7524722222222222	2,000000	2,000000	1	0
99	1,7422361111111113	2,000000	2,000000	1	0
100	1,7394861111111113	2,000000	2,000000	1	0
101	1,7476111111111110	2,000000	2,000000	1	0
102	1,7451805555555557	2,000000	2,000000	1	0
103	1,7446111111111111	2,000000	2,000000	1	0
104	1,7551111111111113	2,000000	2,000000	1	0
105	1,7534305555555556	2,000000	2,000000	1	0
106	1,7501805555555556	2,000000	2,000000	1	0
107	1,7568055555555557	2,000000	2,000000	1	0
108	1,7532361111111112	2,000000	2,000000	1	0
109	1,7614861111111113	2,000000	2,000000	1	0
110	1,7509861111111114	2,000000	2,000000	1	0
111	1,7441666666666669	2,000000	2,000000	1	0
112	1,7572500000000000	2,000000	2,000000	1	0
113	1,7455416666666668	2,000000	2,000000	1	0
114	1,7423055555555556	2,000000	2,000000	1	0
115	1,7534861111111110	2,000000	2,000000	1	0
116	1,7474722222222225	2,000000	2,000000	1	0
0	1,0463472222222220	2,000000	2,000000	1	0
1	1,1303055555555557	2,000000	2,000000	1	0
2	1,2398333333333336	2,000000	2,000000	1	0
3	1,3767361111111114	2,000000	2,000000	1	0
4	1,5275416666666668	2,000000	2,000000	1	0
5	1,6074583333333334	2,000000	2,000000	1	0
6	1,6352083333333334	2,000000	2,000000	1	0
7	1,6539861111111112	2,000000	2,000000	1	0
8	1,6605416666666668	2,000000	2,000000	1	0
9	1,6621666666666668	2,000000	2,000000	1	0
10	1,6713611111111110	2,000000	2,000000	1	0
11	1,6723472222222227	2,000000	2,000000	1	0
12	1,6732777777777779	2,000000	2,000000	1	0
13	1,6892916666666666	2,000000	2,000000	1	0
14	1,6954166666666666	2,000000	2,000000	1	0
15	1,7011805555555557	2,000000	2,000000	1	0
16	1,7054166666666670	2,000000	2,000000	1	0
17	1,7088750000000000	2,000000	2,000000	1	0
18	1,7025277777777783	2,000000	2,000000	1	0
19	1,7128611111111114	2,000000	2,000000	1	0
20	1,7257361111111114	2,000000	2,000000	1	0
21	1,7111111111111112	2,000000	2,000000	1	0
22	1,7243611111111112	2,000000	2,000000	1	0
23	1,7220972222222224	2,000000	2,000000	1	0
24	1,7337361111111114	2,000000	2,000000	1	0
25	1,7227500000000000	2,000000	2,000000	1	0
26	1,7269305555555556	2,000000	2,000000	1	0
27	1,7330000000000000	2,000000	2,000000	1	0
28	1,7302916666666670	2,000000	2,000000	1	0
29	1,7294861111111113	2,000000	2,000000	1	0
30	1,7369722222222221	2,000000	2,000000	1	0
31	1,7329305555555556	2,000000	2,000000	1	0
32	1,7410416666666666	2,000000	2,000000	1	0
33	1,7344166666666665	2,000000	2,000000	1	0
34	1,7296111111111112	2,000000	2,000000	1	0
35	1,7311111111111110	2,000000	2,000000	1	0
36	1,7401250000000000	2,000000	2,000000	1	0
37	1,7371111111111113	2,000000	2,000000	1	0
38	1,7385277777777780	2,000000	2,000000	1	0
39	1,7446527777777778	2,000000	2,000000	1	0
40	1,7506111111111113	2,000000	2,000000	1	0
41	1,7426111111111113	2,000000	2,000000	1	0
42	1,7401666666666666	2,000000	2,000000	1	0
43	1,7383055555555555	2,000000	2,000000	1	0
44	1,7406666666666668	2,000000	2,000000	1	0
45	1,7556111111111110	2,000000	2,000000	1	0
46	1,7489861111111114	2,000000	2,000000	1	0
47	1,7377361111111111	2,000000	2,000000	1	0
48	1,7291666666666667	2,000000	2,000000	1	0
49	1,7536805555555557	2,000000	2,000000	1	0
50	1,7555416666666668	2,000000	2,000000	1	0
51	1,7432500000000000	2,000000	2,000000	1	0
52	1,7370555555555556	2,000000	2,000000	1	0
53	1,7454166666666670	2,000000	2,000000	1	0
54	1,7409305555555556	2,000000	2,000000	1	0
55	1,7273055555555556	2,000000	2,000000	1	0
56	1,7450416666666670	2,000000	2,000000	1	0
57	1,7402916666666666	2,000000	2,000000	1	0
58	1,7420416666666670	2,000000	2,000000	1	0
59	1,7404861111111114	2,000000	2,000000	1	0
60	1,7383472222222227	2,000000	2,000000	1	0
61	1,7358055555555556	2,000000	2,000000	1	0
62	1,7426666666666668	2,000000	2,000000	1	0
63	1,7464305555555557	2,000000	2,000000	1	0
64	1,7520972222222224	2,000000	2,000000	1	0
65	1,7473611111111111	2,000000	2,000000	1	0
66	1,7396250000000000	2,000000	2,000000	1	0
67	1,7445000000000000	2,000000	2,000000	1	0
68	1,7286111111111113	2,000000	2,000000	1	0
69	1,7364166666666670	2,000000	2,000000	1	0
70	1,7434166666666668	2,000000	2,000000	1	0
71	1,7391111111111113	2,000000	2,000000	1	0
72	1,7534861111111113	2,000000	2,000000	1	0
73	1,7508611111111110	2,000000	2,000000	1	0
74	1,7450416666666666	2,000000	2,000000	1	0
75	1,7361666666666670	2,000000	2,000000	1	0
76	1,7400555555555557	2,000000	2,000000	1	0
77	1,7556666666666665	2,000000	2,000000	1	0
78	1,7389305555555556	2,000000	2,000000	1	0
79	1,7527361111111113	2,000000	2,000000	1	0
80	1,7471111111111110	2,000000	2,000000	1	0
81	1,7360972222222222	2,000000	2,000000	1	0
82	1,7453055555555557	2,000000	2,000000	1	0
83	1,7531805555555557	2,000000	2,000000	1	0
84	1,7453055555555557	2,000000	2,000000	1	0
85	1,7372361111111110	2,000000	2,000000	1	0
86	1,7477361111111114	2,000000	2,000000	1	0
87	1,7342361111111113	2,000000	2,000000	1	0
88	1,7389027777777780	2,000000	2,000000	1	0
89	1,7417222222222224	2,000000	2,000000	1	0
90	1,7525000000000000	2,000000	2,000000	1	0
91	1,7372361111111112	2,000000	2,000000	1	0
92	1,7562361111111110	2,000000	2,000000	1	0
93	1,7477916666666664	2,000000	2,000000	1	0
94	1,7383055555555555	2,000000	2,000000	1	0
95	1,7422361111111110	2,000000	2,000000	1	0
96	1,7504861111111112	2,000000	2,000000	1	0
97	1,7419305555555558	2,000000	2,000000	1	0
98	1,7430000000000000	2,000000	2,000000	1	0
99	1,7510000000000000	2,000000	2,000000	1	0
100	1,7429305555555556	2,000000	2,000000	1	0
101	1,7564305555555557	2,000000	2,000000	1	0
102	1,7501111111111114	2,000000	2,000000	1	0
103	1,7509861111111114	2,000000	2,000000	1	0
104	1,7448055555555557	2,000000	2,000000	1	0
105	1,7350416666666666	2,000000	2,000000	1	0
106	1,7602500000000000	2,000000	2,000000	1	0
107	1,7479305555555558	2,000000	2,000000	1	0
108	1,7443055555555556	2,000000	2,000000	1	0
109	1,7453055555555557	2,000000	2,000000	1	0
110	1,7518611111111113	2,000000	2,000000	1	0
111	1,7618055555555556	2,000000	2,000000	1	0
112	1,7477500000000000	2,000000	2,000000	1	0
113	1,7302500000000000	2,000000	2,000000	1	0
114	1,7486805555555556	2,000000	2,000000	1	0
115	1,7539305555555555	2,000000	2,000000	1	0
116	1,7517916666666666	2,000000	2,000000	1	0
0	0,2515360044485239	9,000000	9,000000	8	0
1	0,4747189796264331	9,000000	9,000000	8	0
2	0,8566921452634744	9,000000	9,000000	8	0
3	1,3552633777453296	8,000000	8,000000	7	0
4	1,8923209346413288	8,000000	8,000000	7	0
5	2,4000340436900760	9,000000	9,000000	8	0
6	2,8297151644216045	11,000000	11,000000	10	0
7	3,1922730584270590	11,000000	11,000000	10	0
8	3,5539348747868430	11,000000	11,000000	10	0
9	3,9574603806238290	12,000000	12,000000	11	0
10	4,2421688023900700	12,000000	12,000000	11	0
11	4,5283291044065140	12,000000	12,000000	11	0
12	4,7400533730314760	13,000000	13,000000	12	0
13	5,0467658991337710	13,000000	13,000000	12	0
14	5,2763531386819595	15,000000	15,000000	14	0
15	5,6347673132895000	15,000000	15,000000	14	0
16	5,8001101581869055	15,000000	15,000000	14	0
17	6,0057747394737850	15,000000	15,000000	14	0
18	6,2580195028222390	16,000000	16,000000	15	0
19	6,5036409094993960	16,000000	16,000000	15	0
20	6,8115145372808490	16,000000	16,000000	15	0
21	6,8680703460181620	15,000000	15,000000	14	0
22	7,0957502103630410	16,000000	16,000000	15	0
23	7,2819525611954115	16,000000	16,000000	15	0
24	7,5374233591232370	16,000000	16,000000	15	0
25	7,6216492463573010	16,000000	16,000000	15	0
26	7,9551254997110990	17,000000	17,000000	16	0
27	8,0612882711580270	17,000000	17,000000	16	0
28	8,2628656101611100	17,000000	17,000000	16	0
29	8,4546199639608600	17,000000	17,000000	16	0
30	8,7525436879762970	18,000000	18,000000	17	0
31	9,1953506367049210	18,000000	18,000000	17	0
32	9,4879943266597200	18,000000	18,000000	17	0
33	9,7901667331377170	18,000000	18,000000	17	0
34	10,0508206023027090	18,000000	18,000000	17	0
35	10,3874077543714560	18,000000	18,000000	17	0
36	10,6215241240270240	18,000000	18,000000	17	0
37	10,7260619130524170	18,000000	18,000000	17	0
38	10,8464084372141480	18,000000	18,000000	17	0
39	10,8896736050844540	18,000000	18,000000	17	0
40	10,8821886998214340	18,000000	18,000000	17	0
41	10,8282019015811230	18,000000	18,000000	17	0
42	10,9248853697586020	18,000000	18,000000	17	0
43	10,9686399293201940	18,000000	18,000000	17	0
44	10,5940507482875700	18,000000	18,000000	17	0
45	10,7664057340816730	18,000000	18,000000	17	0
46	10,7172459506838160	18,000000	18,000000	17	0
47	10,8339295663162000	18,000000	18,000000	17	0
48	10,7778400896985240	18,000000	18,000000	17	0
49	11,1009945739762960	18,000000	18,000000	17	0
50	11,2185350760661250	18,000000	18,000000	17	0
51	11,2148732097030930	18,000000	18,000000	17	0
52	11,1880107159095830	18,000000	18,000000	17	0
53	11,1052811355795370	18,000000	18,000000	17	0
54	11,0781732348496240	18,000000	18,000000	17	0
55	11,5912943603667700	18,000000	18,000000	17	0
56	11,7630158603862180	18,000000	18,000000	17	0
57	11,7655570504323470	18,000000	18,000000	17	0
58	11,7403168398562080	18,000000	18,000000	17	0
59	12,0730923193004870	18,000000	18,000000	17	0
60	11,9658088021050040	18,000000	18,000000	17	0
61	12,0627505903939230	18,000000	18,000000	17	0
62	12,4209334041949780	18,000000	18,000000	17	0
63	12,5110268697517030	18,000000	18,000000	17	0
64	12,4780918822772480	18,000000	18,000000	17	0
65	12,7072175282830740	18,000000	18,000000	17	0
66	12,8137023908324160	18,000000	18,000000	17	0
67	12,7786963105322990	18,000000	18,000000	17	0
68	12,9785222152938040	18,000000	18,000000	17	0
69	13,2256151689039870	18,000000	18,000000	17	0
70	13,2537559005300910	18,000000	18,000000	17	0
71	13,2940935774226330	18,000000	18,000000	17	0
72	13,4517929680045270	18,000000	18,000000	17	0
73	13,2689695535181950	18,000000	18,000000	17	0
74	13,3750642666523340	18,000000	18,000000	17	0
75	13,4626940819745150	18,000000	18,000000	17	0
76	13,4966448572903520	18,000000	18,000000	17	0
77	13,4470597000517700	18,000000	18,000000	17	0
78	13,7012197596525190	18,000000	18,000000	17	0
79	13,6851082964556560	18,000000	18,000000	17	0
80	13,5630504911189950	18,000000	18,000000	17	0
81	13,5939106447600490	18,000000	18,000000	17	0
82	13,9525008351246540	18,000000	18,000000	17	0
83	13,6699945772164160	18,000000	18,000000	17	0
84	13,6794295999857310	18,000000	18,000000	17	0
85	13,6470429444655290	18,000000	18,000000	17	0
86	13,5606226411403800	18,000000	18,000000	17	0
87	13,6780923480971650	18,000000	18,000000	17	0
88	13,7589144477564050	18,000000	18,000000	17	0
89	13,7150930320271240	18,000000	18,000000	17	0
90	13,7834044567280270	18,000000	18,000000	17	0
91	13,8125660075314980	18,000000	18,000000	17	0
92	13,7848223705975460	18,000000	18,000000	17	0
93	13,8697504497814140	18,000000	18,000000	17	0
94	13,7950913202504020	18,000000	18,000000	17	0
95	13,6778523757280120	18,000000	18,000000	17	0
96	13,7985051141850570	18,000000	18,000000	17	0
97	13,7553966679769580	18,000000	18,000000	17	0
98	13,7155500819643380	18,000000	18,000000	17	0
99	13,8911102458456540	18,000000	18,000000	17	0
100	13,8398024482301840	18,000000	18,000000	17	0
101	13,8175886898942030	18,000000	18,000000	17	0
102	13,9738907800486680	18,000000	18,000000	17	0
103	13,9242611907158440	18,000000	18,000000	17	0
104	13,9253471718591250	18,000000	18,000000	17	0
105	13,8815652871770430	18,000000	18,000000	17	0
106	13,8649343765789470	18,000000	18,000000	17	0
107	13,8504664840651980	18,000000	18,000000	17	0
108	13,7620304096614580	18,000000	18,000000	17	0
109	13,9613910469171430	18,000000	18,000000	17	0
110	13,8845099708242100	18,000000	18,000000	17	0
111	13,8330912650835170	18,000000	18,000000	17	0
112	13,9264899626969160	18,000000	18,000000	17	0
113	13,7747521905166370	18,000000	18,000000	17	0
114	13,8377669092215980	18,000000	18,000000	17	0
115	14,0691799601534520	18,000000	18,000000	17	0
116	13,8892196349935100	18,000000	18,000000	17	0
